name,price,delivery_price,rating,seller,seller_rating,delivery_rating,stock
"3 In 1 Fancy Multifunctional Pencil Sharpener, Eraser And Brush For Student- 1pcs - Pencil Sharpner With Eraser For Office And School Use Set Of 2",Rs. 99,Rs. 70,No rating,Tulsi Maa Store,78%,99%,8
Crushing It By Gary Vaynerchuk,Rs. 840,Rs. 70,0,BookCrest,95%,98%,2
Doms 12 Colour Pencils With Sharpner & Extender Inside (Set of 2),Rs. 100,Rs. 70,0,Tirupati Stationery Suppliers,87%,Not enough data,9
Doms Erasener 2 In 1 Eraser & Shapner Set of 3,Rs. 145,Rs. 70,0,Anylady Stores,82%,96%,10
Doms Erasener 2 In 1 Eraser & Shapner Set of 3,Rs. 85,Rs. 70,0,parijat patra patrika bikri bitaran,86%,86%,6
"Rencai Gift Pencil And Eraser (Pack of 10) With Grip ,Cap and Sharpener",Rs. 250,Rs. 70,0,Swet Kaali,90%,97%,3
Doms Whitener | Non-Toxic Superior Correction Pen | 7ml | Metal Tip For Smooth Flow | Art No. 7296,Rs. 45,Rs. 70,0,Shivashakti Edumart,93%,96%,1
1pc Astronaut Cartoon Pencil Sharpener Students Pencil SharpenerHand Crank Manual Sharpener Cartoon Pencil Cutter For SchoolStat,"Rs. 4,164",Free,0,Bundle & Save,77%,100%,15
Creative Cartoon Astronaut Pencil Sharpener Third Gear Adjustable Pencil Sharpener Hand-cranked Automatically Pencil Sharpener,Rs. 830,,No rating,Lonni,81%,100%,0
Compass Core Pencil Sharpener Pencil Lead Stationery Drafting Tool School Home,Rs. 214,,0,Lonni,81%,100%,0
Joy Creation 12 Hb Rubber Tipped Graphite Pencil With Sharpner,Rs. 66,,0,Promise Stationery,85%,Not enough data,0
Doms Erasener 2 In 1 Eraser & Sharpener Set of 3,Rs. 120,Rs. 70,0,H.S. Books & Stationery,91%,100%,15
Crushing It By Gary Vaynerchuk,Rs. 850,Rs. 70,0,Paschimanchal Books Distributers,94%,96%,2
"FABER CASTELL Manual Hand Crank Pencil Sharpener Sharpen 8mm in Diameter Candy Colors for Kids,Artists,Student Office Stationery","Rs. 1,860",Free,0,Bundle & Save,77%,100%,15
BiKreta- Pencil Sharpener 20pcs Pack Cutter,Rs. 100,Rs. 120,0,BeeKretaa,73%,100%,8
Kitty Pencil Sharpener,Rs. 667,Rs. 70,0,Sampada Stationery & Gift Suppliers,75%,Not enough data,15
"6 Pcs Metal Pencil Sharpeners, Single and Dual Hole Pencil Sharpeners Manual Art Sharpeners for Colored Pencils",Rs. 575,Rs. 70,0,BAILURE STORE,83%,100%,15
BiKreta- Pencil Sharpener 20pcs Pack Cutter Doms,Rs. 150,Rs. 120,0,BeeKretaa,73%,100%,15
Doms Pencil Sharpners -Set Of 20 Pieces(1 Packet),Rs. 99,Rs. 120,4.0,NB Sulav Books & Stationery,94%,100%,15
Exclusive Cute Bus Design Fancy Pencil Sharpner,Rs. 539,Rs. 70,4.0,KOseli Ghar Satdobato,87%,100%,1
Electric Sharpner/ Pencil Sharpener,Rs. 750,Rs. 70,4.0,Richmond books and stationery,83%,100%,5
Tenwin Electric Auto Pencil Sharpener Safe Student Helical Steel Blade Sharpener for Artists Kids Adults Colored Pencils,"Rs. 3,519",Free,4.0,Bundle & Save,77%,100%,15
Unicorn Shape Hand Cracked Pencil Sharpener,Rs. 475,Rs. 70,4.0,RB Stationary,82%,100%,9
Doms Pencil Sharpeners & Erasers (20*20 Pieces) (Combo of 2),Rs. 200,Rs. 70,4.0,Progress Book & Stationary,94%,100%,6
"3 In 1 Fancy Multifunctional Pencil Sharpener, Eraser And Brush For Student- 1pcs - Pencil Sharpener For Office And School Use |",Rs. 99,Rs. 70,4.0,Milky Way (Raj Group),83%,97%,10
Machine Pencil Sharpener,Rs. 499,Rs. 70,4.0,RB Stationary,82%,100%,9
(M&G) Metal Pencil Sharpener,Rs. 386,Rs. 70,4.0,Bundle & Save,77%,100%,15
Doms Pencil Eraser And Sharpner 2 In 1,Rs. 45,Rs. 120,4.4,Badimalika Stationery,72%,Not enough data,15
Electric Pencil Sharpener,Rs. 599,Rs. 70,4.4,RB Stationary,82%,100%,1
Unicorn Pencil Machine Sharpener,Rs. 432,Rs. 70,4.4,RB Stationary,82%,100%,1
"3 In 1 Fancy Multifunctional Pencil Sharpener, Eraser And Brush For Student- 1pcs - Pencil Sharpener For Office And School Use |Set Of 2",Rs. 99,Rs. 70,4.4,Anylady Stores,82%,96%,15
